Feature,0
Item_enc,0.6159942906386976
pesticides_log,0.11345890291709704
average_rain_fall_mm_per_year,0.0915898978355979
avg_temp,0.07482816653345722
Area_enc,0.07475419430487125
Year,0.029374547770279
